class,timestamp
f,1749542495.1382787
f,1749542495.936348
f,1749542496.9340875
f,1749542497.9435203
f,1749542498.9466379
f,1749542499.934143
f,1749542500.9437978
f,1749542501.9306457
f,1749542502.9236906
f,1749542503.9386215
f,1749542504.9340465
f,1749542505.921534
f,1749542506.9378405
f,1749542507.9214668
f,1749542508.9188697
f,1749542509.9386067
f,1749542510.9258966
f,1749542511.9150019
f,1749542512.9309006
f,1749542513.9174995
f,1749542514.9318886
f,1749542515.9113855
f,1749542516.9309013
f,1749542517.9195886
f,1749542518.937795
f,1749542519.935783
f,1749542520.9274883
f,1749542521.9107494
f,1749542522.910169
f,1749542523.9106936
f,1749542524.9272668
f,1749542525.9310489
f,1749542526.9145327
f,1749542527.9168258
f,1749542528.912372
f,1749542529.9294653
f,1749542530.9137018
f,1749542531.922574
f,1749542532.9147356
f,1749542533.912501
f,1749542534.9263604
f,1749542535.9125671
f,1749542537.7521486
